top_hotel_rank,name,country,city_location,state_region,category,hotel_type,luxury_category,short_description,description,official_website,booking_url,google_maps_url,best_time_to_visit,highlights,amenities,dining_information,spa_wellness,activities,why_we_recommend,is_featured,is_popular,is_international_top_50,is_top_hotel,is_india_top_50,display_order,status
1,Rosewood Hong Kong,Hong Kong,Hong Kong,Kowloon,Ultra Luxury & Iconic,Luxury Hotel / Resort,Ultra Luxury & Iconic,A stunning architectural icon on Victoria Harbour offering breathtaking views and legendary Rosewood hospitality.,"Occupying a prime waterfront location in Tsim Sha Tsui, Rosewood Hong Kong redefines ultra-luxury hospitality with its dramatic vertical estate concept, exquisite interiors by Tony Chi, and sweeping views of Victoria Harbour. Featuring world-class dining, immersive wellness concepts at Asaya, and bespoke butler service, it is a masterpiece of modern luxury.",https://www.rosewoodhotels.com/en/hong-kong,https://www.rosewoodhotels.com/en/hong-kong/reservations,https://maps.google.com/?q=Rosewood+Hong+Kong,October to December (Autumn),"Victoria Harbour views, Asaya wellness sanctuary, Infinity pool overlooking the skyline, Holt's Cafe, DarkSide bar.","Outdoor infinity pool, Asaya wellness center, 24-hour butler service, state-of-the-art fitness center, chauffeur service, pet-friendly amenities.","Holt's Cafe (British-Hong Kong tze char), The Butterfly Room, Legacy House (Cantonese), DarkSide (Cocktail bar).","Asaya holistic wellness center offering integrative wellness therapies, fitness classes, and advanced skincare.","Harbour cruises, bespoke art tours, wellness workshops, shopping excursions in Tsim Sha Tsui.","Unmatched harbour views, cutting-edge interior design, and legendary personalized service make it the pinnacle of modern luxury in Hong Kong.",TRUE,TRUE,TRUE,TRUE,FALSE,1,PUBLISHED
2,Aman New York,United States,New York,New York,Ultra Luxury & Iconic,Luxury Hotel / Resort,Ultra Luxury & Iconic,An urban sanctuary of serenity and discretion designed by Renzo Piano in the heart of Manhattan.,"Situated on West 57th Street, Aman New York brings the legendary peace and minimalist elegance of Aman to the vibrant energy of Manhattan. Housed within the historic Crown Building, it features expansive suites with private fireplaces, a three-story subterranean spa, and exclusive members' club spaces.",https://www.aman.com/hotels/aman-new-york,https://www.aman.com/hotels/aman-new-york/reservations,https://maps.google.com/?q=Aman+New+York,September to November & April to June,"Three-story subterranean spa, Japanese garden terrace, private fireplaces in suites, Arva Italian restaurant.","Indoor swimming pool, 25,000 sq ft spa, Japanese garden terrace, cigar lounge, wine library, chauffeured house car.","Arva (Italian fine dining), Nama (Japanese washoku), The Lounge & Bar.","Comprehensive Aman Spa featuring indoor pool, treatment houses, hydrotherapy, and holistic wellness programs.","Private Central Park tours, exclusive Broadway access, art gallery curation visits, fitness training.","It offers an unprecedented level of tranquility, privacy, and refined Asian hospitality right in the middle of Midtown Manhattan.",TRUE,TRUE,TRUE,TRUE,FALSE,2,PUBLISHED
3,Cheval Blanc Paris,France,Paris,Île-de-France,Ultra Luxury & Iconic,Luxury Hotel / Resort,Ultra Luxury & Iconic,An exquisite art deco masterpiece by Peter Marino overlooking the River Seine in Paris.,"Cheval Blanc Paris is a celebration of French art de vivre, combining historic architectural grandeur with contemporary chic. Located at Samaritaine, it offers breathtaking views of the Seine and iconic monuments, bespoke culinary experiences by Arnaud Donckele and Maxime Frédéric, and exclusive Dior Spa Cheval Blanc.",https://www.chevalblanc.com/en/maison/paris,https://www.chevalblanc.com/en/maison/paris/reservations,https://maps.google.com/?q=Cheval+Blanc+Paris,May to October (Spring/Summer),"Direct Seine views, Dior Spa Cheval Blanc, Plénitude (3-Michelin-star dining), indoor swimming pool.","Indoor swimming pool, Dior spa, valet parking, 24-hour butler service, private boat transfers.","Plénitude (3 Michelin stars), Le Tout-Paris (contemporary brasserie), Langosteria (Italian seafood).","Dior Spa Cheval Blanc featuring custom Dior treatments, vitality pools, and relaxation suites.","Private Seine yacht cruises, private shopping at Samaritaine, art and museum tours.","Unrivaled views of Paris landmarks, exceptional gastronomic offerings, and the couture touch of Dior make it the ultimate Parisian retreat.",TRUE,TRUE,TRUE,TRUE,FALSE,3,PUBLISHED
4,The Upper House,Hong Kong,Hong Kong,Admiralty,Ultra Luxury & Iconic,Luxury Hotel / Resort,Ultra Luxury & Iconic,"A tranquil minimalist sky palace perched above Pacific Place in Admiralty, Hong Kong.","Designed by visionary architect Andre Fu, The Upper House is an understated luxury hotel that feels like a chic private residence. Rooms feature natural wood, limestone bathrooms, and sweeping vistas of the harbor or verdant peaks, complemented by the vibrant Mediterranean restaurant Salisterra.",https://www.theupperhouse.com,https://www.theupperhouse.com/reservations,https://maps.google.com/?q=The+Upper+House+Hong+Kong,October to December,"The Lawn outdoor terrace, iconic limestone freestanding bathtubs with views, Salisterra restaurant, minimalist design.","24-hour fitness center, yoga studio, complimentary maxi bar, luxury house car transfers.","Salisterra (Mediterranean dining by Ricardo Chaneton), The Continental.","In-room wellness treatments, rooftop yoga classes, personalized wellness coaching.","Private hiking tours of Dragon's Back, bespoke city art tours, wellness sessions.","Its serene residential aesthetic, exceptional personalized service, and stunning skyline views offer a peaceful escape in the heart of the city.",TRUE,TRUE,TRUE,TRUE,FALSE,4,PUBLISHED
5,Raffles Singapore,Singapore,Singapore,Central Singapore,Ultra Luxury & Iconic,Luxury Hotel / Resort,Ultra Luxury & Iconic,"The legendary grande dame of Singapore, birthplace of the Singapore Sling and timeless colonial luxury.","Established in 1887, Raffles Singapore is an oasis of colonial architecture, lush tropical gardens, and legendary hospitality. Following a meticulous restoration, it continues to welcome global travelers with its iconic white facade, graceful suites, and world-class culinary partnerships.",https://www.raffles.com/singapore,https://www.raffles.com/singapore/reservations,https://maps.google.com/?q=Raffles+Singapore,February to April (Driest months),"Long Bar (birthplace of Singapore Sling), 24-hour Raffles butler service, historic colonial architecture, Tiffin Room.","Outdoor swimming pool, Raffles Spa, boutique arcade, 24-hour butler service, fitness studio.","Long Bar, Tiffin Room (North Indian), La Dame de Pic (Anne-Sophie Pic), BBR by Alain Ducasse.",Raffles Spa offering holistic Asian-inspired treatments and hydrothermal facilities.,"Historical heritage tours with resident historian, cocktail masterclasses, orchid garden tours.",A living legend of hospitality that seamlessly blends 19th-century colonial romance with ultra-modern luxury and butler service.,TRUE,TRUE,TRUE,TRUE,FALSE,5,PUBLISHED
6,Bulgari Tokyo,Japan,Tokyo,Tokyo,Ultra Luxury & Iconic,Luxury Hotel / Resort,Ultra Luxury & Iconic,A sophisticated urban sanctuary blending Italian flair with Japanese minimalism in Tokyo's Ginza.,"Bulgari Hotel Tokyo occupies the top floors of a sleek skyscraper in Yaesu, offering panoramic views of Mount Fuji and the Tokyo skyline. Featuring Italian design elements by Antonio Citterio Patricia Viel alongside exquisite Japanese craftsmanship, it is a statement of refined elegance.",https://www.bulgarihotels.com/en_US/tokyo,https://www.bulgarihotels.com/en_US/tokyo/booking,https://maps.google.com/?q=Bulgari+Hotel+Tokyo,March to May (Cherry blossom season) & October to November,"Bulgari Bar with rooftop terrace, Il Ristorante - Niko Romito, Bulgari Spa with indoor pool, Mount Fuji views.","Indoor swimming pool, Bulgari Spa, state-of-the-art gym, private cinema, chauffeur service.","Il Ristorante - Niko Romito (3 Michelin star chef concept), Bulgari Dolci, Sushi Hōseki.","Bulgari Spa featuring bespoke L.RAPHAEL treatments, thermal bath, and relaxation lounge.","Exclusive Ginza shopping tours, private tea ceremonies, architectural walks.",The ultimate fusion of Italian high jewellery glamour and Japanese precision craftsmanship high above Tokyo.,TRUE,TRUE,TRUE,TRUE,FALSE,6,PUBLISHED
7,Burj Al Arab Jumeirah,United Arab Emirates,Dubai,Dubai,Ultra Luxury & Iconic,Luxury Hotel / Resort,Ultra Luxury & Iconic,The world's most luxurious sail-shaped architectural marvel rising from its own artificial island in Dubai.,"Burj Al Arab Jumeirah is a global symbol of Arabian luxury, offering ultra-spacious duplex suites, a private beach, iconic terrace with infinity pools, and legendary chauffeur-driven Rolls-Royce transfers. Known for its gold-infused interiors and peerless VIP service.",https://www.jumeirah.com/en/stay/dubai/burj-al-arab-jumeirah,https://www.jumeirah.com/en/stay/dubai/burj-al-arab-jumeirah/booking,https://maps.google.com/?q=Burj+Al+Arab+Jumeirah+Dubai,November to March (Pleasantly warm),"Iconic sail architecture, private beach and deck with infinity pools, Rolls-Royce fleet, 24-karat gold interiors.","Private beach, Sal Beach Club, Talise Spa, Rolls-Royce airport transfers, helipad, butler service in every suite.","Al Muntaha (French/Italian fine dining), L'Olivo at Al Mahara (underwater aquarium dining), Sahn Eddar.","Talise Spa offering panoramic sea views, plunge pools, steam rooms, and luxury facial treatments.","Yacht charters, desert safaris, skydiving experiences, helicopter tours from the hotel helipad.",An undisputed icon of opulent architectural design and over-the-top VIP pampering.,TRUE,TRUE,TRUE,TRUE,FALSE,7,PUBLISHED
8,Hôtel Plaza Athénée,France,Paris,Île-de-France,Ultra Luxury & Iconic,Luxury Hotel / Resort,Ultra Luxury & Iconic,A legendary Parisian palace hotel on Avenue Montaigne famed for its red geraniums and haute couture legacy.,"Hôtel Plaza Athénée has been synonymous with Parisian elegance since 1913. Located on the haute couture avenue of Montaigne, it features classic Louis XVI and Art Deco decor, Dior Institute spa, and exceptional gastronomy curated by Jean Imbert.",https://www.dorchestercollection.com/paris/hotel-plaza-athenee,https://www.dorchestercollection.com/paris/hotel-plaza-athenee/reservations,https://maps.google.com/?q=Hotel+Plaza+Athenee+Paris,April to October,"Courtyard covered in red geraniums, Dior Spa Plaza Athénée, Jean Imbert restaurant, Eiffel Tower views from suites.","Dior spa, fitness center, valet parking, chauffeur-driven luxury cars, pet-friendly services.","Jean Imbert au Plaza Athénée, Le Relais Plaza (classic brasserie), La Cour Jardin, Le Bar.","Dior Institute offering bespoke anti-aging treatments, hammam, sauna, and relaxation rooms.","Private fashion house visits, haute couture fittings, Seine boat tours, pastry masterclasses.","The quintessential embodiment of Parisian chic, haute couture heritage, and unmatched luxury living on Avenue Montaigne.",TRUE,TRUE,TRUE,TRUE,FALSE,8,PUBLISHED
9,Claridge’s,United Kingdom,London,Greater London,Ultra Luxury & Iconic,Luxury Hotel / Resort,Ultra Luxury & Iconic,"Mayfair's historic art deco crown jewel, celebrated for timeless British tradition and bespoke glamour.","Claridge’s has enchanted guests with its art deco grandeur and impeccable English style for over a century. Located in the heart of Mayfair, it is renowned for its legendary afternoon tea, Fera culinary excellence, and exceptional personalized butler service.",https://www.claridges.co.uk,https://www.claridges.co.uk/booking,https://maps.google.com/?q=Claridges+London,May to September & December (Festive season),"Legendary Afternoon Tea in the Foyer, Claridge's Bar, art deco design by Guy Oliver, L'Abreuvoir spa.","Claridge's Spa, 24-hour butler service, health club, chauffeured Rolls-Royce, private event spaces.","Claridge's Restaurant, The Foyer & Reading Room, The Fumoir, Claridge's Bar.","Claridge's Spa featuring restorative wellness treatments, swimming pool, and sauna facilities.","Private Mayfair art gallery tours, bespoke shopping with royal warrant holders, historical hotel tours.","The absolute pinnacle of traditional British elegance, art deco heritage, and Mayfair sophistication.",TRUE,TRUE,TRUE,TRUE,FALSE,9,PUBLISHED
10,"The Ritz-Carlton, Kyoto",Japan,Kyoto,Kyoto Prefecture,Ultra Luxury & Iconic,Luxury Hotel / Resort,Ultra Luxury & Iconic,"A tranquil traditional Japanese ryokan-style luxury resort nestled in the historic hills of Arashiyama, Kyoto.","Overlooking the Oi River, The Ritz-Carlton, Kyoto combines modern five-star luxury with authentic Kyoto tradition. Featuring serene tatami-style rooms, exquisite kaiseki dining, and peaceful garden courtyards, it offers a deeply restorative retreat into Japanese culture.",https://www.ritzcarlton.com/en/hotels/japan/kyoto,https://www.ritzcarlton.com/en/hotels/japan/kyoto/reservations,https://maps.google.com/?q=The+Ritz-Carlton+Kyoto,March to May (Cherry blossom) & October to November (Autumn foliage),"River views of Arashiyama, Mizuki Japanese restaurant, traditional tea ceremonies, spa with indoor pool.","Indoor swimming pool, luxury spa, fitness center, bicycle rentals, traditional tea house.","Mizuki (Kaiseki, Sushi, Teppanyaki), La Baie (French fine dining), The Lobby Lounge.","The Ritz-Carlton Spa offering ESPA treatments, hydrotherapy pools, and Japanese ritual baths.","Private temple tours, Zen meditation sessions with monks, cycling along the Katsura River, kimono experiences.",Seamlessly integrates luxury hospitality with authentic Kyoto heritage along a serene river landscape.,TRUE,TRUE,TRUE,TRUE,FALSE,10,PUBLISHED
11,Soneva Jani,Maldives,Maldives,Noonu Atoll,Luxury Resorts & Private Islands,Luxury Hotel / Resort,Luxury Resorts & Private Islands,An iconic overwater eco-luxury resort in the Maldives featuring waterslides and a retractable roof observatory.,"Located in the untouched Noonu Atoll, Soneva Jani is a barefoot luxury paradise offering colossal overwater villas with private slides plunging into crystal-clear turquoise lagoons. Highlights include the overwater open-air cinema, stargazing observatory, and sustainable luxury philosophy.",https://soneva.com/resorts/soneva-jani,https://soneva.com/resorts/soneva-jani/booking,https://maps.google.com/?q=Soneva+Jani+Maldives,November to April (Dry season),"Overwater villas with waterslides, retractable master bedroom roof for stargazing, Over-the-Stars Cinema, Eco-Centro.","Overwater observatory, open-air cinema, wine cellar, chocolate and ice cream parlors, private butler (Mr./Ms. Friday).","The Gathering, Overseas by Mathias Dahlgren, So Wild by Diana Von Cranach, Down to Earth.","Soneva Soul overwater wellness spa offering holistic treatments, Ayurveda, and yoga pavilions.","Dolphin cruises, scuba diving with marine biologists, coral reef planting, stargazing astronomy dinners.",The ultimate barefoot luxury castaway fantasy with world-class eco-conscious design and private slides.,TRUE,TRUE,TRUE,TRUE,FALSE,11,PUBLISHED
12,Soneva Fushi,Maldives,Maldives,Baa Atoll,Luxury Resorts & Private Islands,Luxury Hotel / Resort,Luxury Resorts & Private Islands,The pioneering luxury barefoot hideaway in the Baa Atoll offering jungle villas and outdoor cinema.,"Soneva Fushi is the original barefoot luxury resort in the Maldives, set on a lush private island in the Baa Atoll UNESCO Biosphere Reserve. Featuring massive rustic-luxe villas hidden among jungle foliage, an open-air cinema, observatory, and an unwavering commitment to sustainability.",https://soneva.com/resorts/soneva-fushi,https://soneva.com/resorts/soneva-fushi/booking,https://maps.google.com/?q=Soneva+Fushi+Maldives,November to April,"Private beach villas, Cinema Paradiso, Glass Studio, Junior Master Chef classes, Robinson Crusoe style.","Open-air cinema, observatory, organic gardens, 24/7 butler service, SCUBA diving center.","Mihiree Mithaa, Out of the Blue, Fresh in the Garden, Down to Earth.","Soneva Soul spa offering wellness therapies, yoga classes, and meditation in nature.","Manta ray snorkeling excursions, turtle safaris, glassblowing workshops, private sandbank dining.","The pioneer of sustainable luxury where 'no news, no shoes' meets absolute five-star indulgence.",TRUE,TRUE,TRUE,TRUE,FALSE,12,PUBLISHED
13,One&Only Reethi Rah,Maldives,Maldives,North Malé Atoll,Luxury Resorts & Private Islands,Luxury Hotel / Resort,Luxury Resorts & Private Islands,An ultra-exclusive private island sanctuary in the Maldives surrounded by pristine lagoons and coral reefs.,"Spread across a sprawling private island in North Malé Atoll, One&Only Reethi Rah is the epitome of glamorous tropical seclusion. Boasting 12 pristine beaches, spectacular overwater and beachfront villas, and world-class culinary venues, it is a favorite for discerning travelers.",https://www.oneandonlyresorts.com/reethi-rah,https://www.oneandonlyresorts.com/reethi-rah/reservations,https://maps.google.com/?q=OneAndOnly+Reethi+Rah+Maldives,November to April,"12 pristine private beaches, ESPA spa courtyard, overwater villas with private pools, celebrity chef dining.","Multiple swimming pools, tennis courts, climbing wall, KidsOnly club, private yacht transfers.","Reethi Restaurant, Tapasake (Japanese overwater), Fanditha (Middle Eastern beach lounge), Botanica.","One&Only Spa by ESPA offering vitality pools, tranquil gardens, and bespoke wellness treatments.","Private yacht charters, deep-sea fishing, wreck diving, tennis coaching, water sports.","Unmatched island spaciousness, pristine beaches, and world-class recreational facilities in the Maldives.",TRUE,TRUE,TRUE,TRUE,FALSE,13,PUBLISHED
14,Cheval Blanc Randheli,Maldives,Maldives,Noonu Atoll,Luxury Resorts & Private Islands,Luxury Hotel / Resort,Luxury Resorts & Private Islands,An aquatic wonderland of water villas and bespoke luxury designed by Jean-Michel Gathy in Noonu Atoll.,"Cheval Blanc Randheli is an ultra-exclusive Maison in the Maldives' Noonu Atoll. Featuring cathedral-ceiling villas with 12.5-meter private pools, dedicated Bamford spa treatments, and culinary mastery overseen by Michelin-starred chefs.",https://www.chevalblanc.com/en/maison/randheli,https://www.chevalblanc.com/en/maison/randheli/reservations,https://maps.google.com/?q=Cheval+Blanc+Randheli+Maldives,November to April,"12.5m private pools in every villa, dedicated Majordome service, Guerlain spa island, custom seaplane.","Private seaplane lounge, Guerlain spa, state-of-the-art diving center, tennis courts, kids' club.","Le 1947 (Fine dining), The White, The Diptyque, Deelani (Mediterranean grill).",Dedicated Guerlain spa island offering exclusive customized treatments and relaxation pavilions.,"Seaplane safari, sunset dolphin cruises, night snorkeling, private island castaway picnics.",The pinnacle of French chic and sophisticated island architecture in the Indian Ocean.,TRUE,TRUE,TRUE,TRUE,FALSE,14,PUBLISHED
15,Amanpuri,Thailand,Phuket,Phuket Province,Luxury Resorts & Private Islands,Luxury Hotel / Resort,Luxury Resorts & Private Islands,"The legendary hillside tropical sanctuary overlooking the Andaman Sea in Phuket, Thailand.","Nestled into a lush coconut grove cascading down a hillside to Pansea Beach, Amanpuri is the original crown jewel of the Aman resort empire. Known for its iconic Thai pavilions, turquoise swimming pools, holistic wellness center, and peerless serenity.",https://www.aman.com/resorts/amanpuri,https://www.aman.com/resorts/amanpuri/reservations,https://maps.google.com/?q=Amanpuri+Phuket,November to April (Dry tropical season),"Private access to Pansea Beach, traditional Thai pavilion design, holistic wellness immersions, 27m main pool.","Holistic wellness center, Pilates studio, tennis courts, marine sports center, library, boutique.","The Restaurant (Thai and Western), Arva (Italian), Nama (Japanese), The Beach Club.","Amanpuri Wellness Centre featuring resident practitioners, hydrotherapy rooms, and yoga pavilion.","Private yacht charters to Phang Nga Bay, Muay Thai training, scuba diving, pottery classes.","The timeless icon of Asian luxury resort design, offering absolute peace and legendary Aman hospitality.",TRUE,TRUE,TRUE,TRUE,FALSE,15,PUBLISHED
16,Capella Ubud,Indonesia,Bali,Bali,Luxury Resorts & Private Islands,Luxury Hotel / Resort,Luxury Resorts & Private Islands,"A tranquil cliffside sanctuary suspended above the Ayung River valley in Ubud, Bali.","Capella Ubud is a tented camp luxury retreat designed by Bill Bensley, nestled deep within the rainforest of Keliki valley. Inspired by early 19th-century European explorers, it combines canvas luxury tents with saltwater pools and authentic Balinese healing traditions.",https://www.capellahotels.com/en/capella-ubud,https://www.capellahotels.com/en/capella-ubud/reservations,https://maps.google.com/?q=Capella+Ubud+Bali,April to October (Dry season in Bali),"Luxurious tented camps with private saltwater pools, Auriga Wellness spa, campfire storytelling sessions, jungle views.","Saltwater lap pools, Auriga Wellness tented spa, gymnasium, 24-hour Capella Culturist service.","Mads Lange (camp dining), Api Jiwa (Asian omakase grill), The Mortar and Pestle bar.","Auriga Wellness inspired by lunar cycles, offering organic Balinese treatments and rainforest yoga.","Guided rice paddy treks, organic farming workshops, traditional Balinese blessing ceremonies, e-bike tours.",An extraordinarily imaginative jungle camp design that merges adventure with ultra-luxury comfort.,TRUE,TRUE,TRUE,TRUE,FALSE,16,PUBLISHED
17,"Mandapa, a Ritz-Carlton Reserve",Indonesia,Bali,Bali,Luxury Resorts & Private Islands,Luxury Hotel / Resort,Luxury Resorts & Private Islands,An intimate sanctuary of riverside pool villas nestled between sacred temples and emerald rice paddies in Bali.,"Mandapa, a Ritz-Carlton Reserve offers an ultra-personalized retreat along the Ayung River in Ubud. Featuring traditional yet contemporary Javanese architecture, bespoke butler service (Patih), organic farm, and deeply spiritual wellness programs.",https://www.ritzcarlton.com/en/hotels/indonesia/mandapa,https://www.ritzcarlton.com/en/hotels/indonesia/mandapa/reservations,https://maps.google.com/?q=Mandapa+Ritz+Carlton+Reserve+Bali,April to October,"Ayung River valley setting, private butler (Patih) service, Mandapa Spa & Wellness, organic farm and paddy.","Outdoor swimming pool, wellness center, fitness studio, kids' club (The Mandapa Camp), library.","Sawah Terrace (Indonesian cuisine), Kubu (Mediterranean dining in bamboo pods), The Library.","Mandapa Spa offering holistic spa treatments, wellness consultations, river-facing yoga studio.","Rice planting experiences, river rafting, cycling through Balinese villages, wellness cooking classes.",An immersive spiritual and natural retreat offering exquisite privacy and Ritz-Carlton Reserve's peerless care.,TRUE,TRUE,TRUE,TRUE,FALSE,17,PUBLISHED
18,Four Seasons Resort Bora Bora,French Polynesia,Bora Bora,Leeward Islands,Luxury Resorts & Private Islands,Luxury Hotel / Resort,Luxury Resorts & Private Islands,The quintessential South Pacific paradise offering thatched overwater bungalows with views of Mount Otemanu.,"Perched over the turquoise lagoon of Bora Bora against the dramatic backdrop of Mount Otemanu, Four Seasons Resort Bora Bora offers luxurious overwater bungalows, beachfront villas, a unique lagoon sanctuary, and peerless Polynesian romance.",https://www.fourseasons.com/borabora,https://www.fourseasons.com/borabora/reservations,https://maps.google.com/?q=Four+Seasons+Resort+Bora+Bora,May to October (Driest and coolest months),"Overwater bungalows with glass viewing panels, private lagoon sanctuary with rays, Mount Otemanu views, Fare Hoa Beach Bar.","Infinity pool, tennis courts, spa sanctuary, wedding chapel, children's program, catamaran.","Arii Moana (Polynesian/French), Tere Nui, Vaimiti (overwater sushi), Fare Hoa Beach Bar.",Tata'u Spa offering traditional Polynesian massage therapies and open-air treatment rooms.,"Shark and ray snorkeling safaris, deep-sea fishing, paddleboarding, sunset catamaran cruises.",The ultimate South Pacific dream escape featuring iconic overwater bungalows and legendary Four Seasons service.,TRUE,TRUE,TRUE,TRUE,FALSE,18,PUBLISHED
19,One&Only Palmilla,Mexico,Los Cabos,Baja California Sur,Luxury Resorts & Private Islands,Luxury Hotel / Resort,Luxury Resorts & Private Islands,"A cliffside desert-meets-ocean luxury oasis in Los Cabos, Mexico, offering whale watching and authentic Mexican charm.","Perched where the desert meets the crashing waves of the Sea of Cortez, One&Only Palmilla is a legendary Baja resort. Featuring whitewashed hacienda-style rooms, swimmable beach coves, world-class golf, and culinary offerings by Jean-Georges Vongerichten.",https://www.oneandonlyresorts.com/palmilla,https://www.oneandonlyresorts.com/palmilla/reservations,https://maps.google.com/?q=OneAndOnly+Palmilla+Los+Cabos,November to May (Pleasantly warm and dry),"Swimmable beach coves, One&Only Spa, Jack Nicklaus golf course, whale watching from private terraces.","Multiple pools, ESPA spa, tennis courts, boutique, private yacht charters, 24-hour butler service.","Seared (steakhouse by Jean-Georges), Agua (Mexican fine dining), Suviche, The Pelican.","Garden spa oasis offering holistic treatments, yoga pavilion, and plunge pools.","Deep-sea fishing, seasonal whale watching tours, tequila tastings, surfing excursions.",The premier luxury retreat in Los Cabos combining dramatic cliffside ocean views with swimmable beaches.,TRUE,TRUE,TRUE,TRUE,FALSE,19,PUBLISHED
20,Rosewood Mayakoba,Mexico,Riviera Maya,Quintana Roo,Luxury Resorts & Private Islands,Luxury Hotel / Resort,Luxury Resorts & Private Islands,"An eco-luxury mangrove resort in the Riviera Maya, Mexico, blending Mayan heritage with modern elegance.","Immersed in lush emerald mangroves and lagoons along the Caribbean coast, Rosewood Mayakoba is a tranquil paradise. Reached via private electric boats, villas feature rooftop sundecks, plunge pools, and private docks, complemented by Sense Spa on its own private island.",https://www.rosewoodhotels.com/en/mayakoba-riviera-maya,https://www.rosewoodhotels.com/en/mayakoba-riviera-maya/reservations,https://maps.google.com/?q=Rosewood+Mayakoba+Riviera+Maya,December to April (Dry season),"Overwater lagoon suites with plunge pools, Sense Spa on private island, El Camaleón PGA golf course, boat transfers.","Multiple swimming pools, championship golf course, tennis courts, fitness center, kids' club.","Casa Del Lago (Italian/Mexican), Zapote Bar, Punta Bonita (beachfront grill), Agave Study.","Sense, A Rosewood Spa offering traditional Mayan healing rituals, hydrotherapy, and yoga.","Eco-boat tours through mangroves, cenote diving, snorkeling on the Mesoamerican Barrier Reef, tequila masterclasses.","An exquisite eco-luxury resort offering serene mangrove canals, private plunge pools, and pristine white-sand beaches.",TRUE,TRUE,TRUE,TRUE,FALSE,20,PUBLISHED
21,Royal Mansour,Morocco,Marrakech,Marrakech-Safi,"Palaces, Heritage & Cultural Luxury",Luxury Hotel / Resort,"Palaces, Heritage & Cultural Luxury",An opulent palace retreat inside Marrakech's historic medina featuring private riads and stunning gardens.,"Royal Mansour Marrakech is an architectural masterpiece commissioned by King Mohammed VI. Instead of traditional hotel rooms, guests stay in luxurious private three-story riads surrounded by fragrant orange orchards, tranquil fountains, and subterranean service tunnels.",https://www.royalmansour.com/en/marrakech,https://www.royalmansour.com/en/marrakech/reservations,https://maps.google.com/?q=Royal+Mansour+Marrakech,March to May & September to November,"Private multi-story riads with rooftop plunge pools, world-class spa with wrought-iron atrium, restaurants by Yannick Alléno.","Subterranean butler tunnels, outdoor grand pool, luxury spa, lush gardens, private chauffeurs.","La Grande Table Marocaine, Le Jardin, Sesamo (Italian by Yannick Alléno), The Bar.","Iconic Royal Mansour Spa featuring signature hammams, hydrotherapy pools, and holistic wellness suites.","Medina private heritage tours, hot air balloon flights over Atlas Mountains, cooking classes.",Unrivaled Moorish craftsmanship and absolute privacy with individual multi-story riads in the heart of Marrakech.,TRUE,TRUE,TRUE,TRUE,FALSE,21,PUBLISHED
22,Hotel Sacher Vienna,Austria,Vienna,Vienna,"Palaces, Heritage & Cultural Luxury",Luxury Hotel / Resort,"Palaces, Heritage & Cultural Luxury","Vienna's legendary luxury hotel on the Ringstrasse, famed for creating the original Sachertorte.","Hotel Sacher Vienna stands proudly opposite the Vienna State Opera, embodying 19th-century imperial grandeur. Home of the world-famous Original Sacher-Torte, it combines historic Austrian tradition with exquisite contemporary comfort and Sacher Spa wellness.",https://www.sacher.com/en/vienna,https://www.sacher.com/en/vienna/booking,https://maps.google.com/?q=Hotel+Sacher+Vienna,April to June & September to December (Christmas markets),"Original Sacher-Torte, location opposite Vienna State Opera, historic art collection, Sacher Spa.","Sacher Spa, fitness center, valet parking, private chauffeur, pet-friendly concierge.","Café Sacher Wien, Rote Bar (traditional Viennese fine dining), Grüne Bar, Sacher Bar.","Sacher Spa offering chocolate-infused body treatments, saunas, and relaxation lounges.","Private opera tours, classical music concerts, historic city walking tours, Viennese waltz lessons.","The timeless epicenter of Viennese cultural heritage, imperial luxury, and culinary confectionary history.",TRUE,TRUE,TRUE,TRUE,FALSE,22,PUBLISHED
23,The Savoy,United Kingdom,London,Greater London,"Palaces, Heritage & Cultural Luxury",Luxury Hotel / Resort,"Palaces, Heritage & Cultural Luxury","London's legendary luxury hotel on the Strand, steeped in theatrical history and British elegance.","Overlooking the River Thames since 1889, The Savoy is an icon of British hospitality. Famed for its American Bar, Savoy Grill by Gordon Ramsay, and art deco and Edwardian design, it has hosted royalty, artists, and global leaders for over a century.",https://www.thesavoylondon.com,https://www.thesavoylondon.com/reservations,https://maps.google.com/?q=The+Savoy+London,May to September & December,"Thames River views, The American Bar (world's best cocktail bar), Savoy Grill by Gordon Ramsay, Beaufort Bar.","Indoor swimming pool, fitness center, beauty salon, chauffeur service, 24-hour butler service in suites.","Savoy Grill, 1890 by Gordon Ramsay, The River Restaurant, The American Bar, Beaufort Bar.","Savoy Spa offering restorative treatments, indoor pool, sauna, and steam facilities.","Private West End theatre tours, Thames private yacht cruises, historical hotel tours with archivist.","A legendary London landmark combining theatrical heritage, world-class dining, and exceptional butler service.",TRUE,TRUE,TRUE,TRUE,FALSE,23,PUBLISHED
24,Hôtel de Paris Monte-Carlo,Monaco,Monte-Carlo,Monte Carlo,"Palaces, Heritage & Cultural Luxury",Luxury Hotel / Resort,"Palaces, Heritage & Cultural Luxury",A legendary Belle Époque palace hotel on Casino Square in the heart of Monaco.,"Hôtel de Paris Monte-Carlo is an icon of Mediterranean glamour since 1864. Featuring opulent Belle Époque architecture, direct access to Thermes Marins Monte-Carlo, and legendary Michelin-starred dining including Louis XV by Alain Ducasse.",https://www.montecarlosbm.com/en/hotel-paris-monte-carlo,https://www.montecarlosbm.com/en/hotel-paris-monte-carlo/booking,https://maps.google.com/?q=Hotel+de+Paris+Monte+Carlo,June to September (Riviera summer season),"Casino Square location, Le Louis XV - Alain Ducasse (3 Michelin stars), underground wine cellars, Thermes Marins access.","Direct access to Thermes Marins wellness center, private beach club access, rooftop pool, valet parking.","Le Louis XV - Alain Ducasse, Le Grill, Ômer, Bar American.","Thermes Marins Monte-Carlo offering state-of-the-art hydrotherapy, fitness, and seawater wellness treatments.","Yacht charters in Monaco harbor, supercar driving experiences, private casino gaming lessons.","The undisputed palace of Monegasque glamour, high-stakes romance, and world-class Riviera gastronomy.",TRUE,TRUE,TRUE,TRUE,FALSE,24,PUBLISHED
25,"Hotel Cipriani, A Belmond Hotel",Italy,Venice,Veneto,"Palaces, Heritage & Cultural Luxury",Luxury Hotel / Resort,"Palaces, Heritage & Cultural Luxury",Venice's legendary luxury hideaway on Giudecca Island with iconic pool and timeless Venetian romance.,"Hotel Cipriani, A Belmond Hotel, sits on the tip of Giudecca Island, offering stunning panoramic views of St. Mark's Square. Famed for its legendary seawater swimming pool, lush gardens, exquisite Cip's Club dining, and private wooden motorboat transfers.",https://www.belmond.com/hotels/europe/italy/venice/belmond-hotel-cipriani,https://www.belmond.com/hotels/europe/italy/venice/belmond-hotel-cipriani/reservations,https://maps.google.com/?q=Hotel+Cipriani+Venice,April to June & September to October,"Olympic-sized unfiltered seawater swimming pool, Casanova's former garden, private wooden boat transfers to St. Mark's, Oro restaurant.","Seawater pool, Casanova Wellness Center, tennis court, private marina, children's club.","Oro (1 Michelin star), Cip's Club, Porticciolo Restaurant, Bar Gabbiano.","Casanova Wellness Center offering relaxing massages, facials, and open-air treatment cabanas.","Private lagoon boat tours, Venetian mask-making workshops, wine tastings in Veneto vineyards.","The ultimate Venetian dream escape offering legendary privacy, stunning lagoon views, and unmatched romance.",TRUE,TRUE,TRUE,TRUE,FALSE,25,PUBLISHED
26,Aman Venice,Italy,Venice,Veneto,"Palaces, Heritage & Cultural Luxury",Luxury Hotel / Resort,"Palaces, Heritage & Cultural Luxury","An intimate 16th-century palazzo right on the Grand Canal in Venice, restored by Aman.","Aman Venice is an architectural masterpiece set in the majestic 16th-century Palazzo Papadopoli on the Grand Canal. Featuring rococo artworks, private walled gardens (a rarity in Venice), and sumptuous suites designed by Jean-Michel Gathy.",https://www.aman.com/resorts/aman-venice,https://www.aman.com/resorts/aman-venice/reservations,https://maps.google.com/?q=Aman+Venice,April to June & September to October,"Grand Canal private boat arrival, private walled gardens, Tiepolo ceiling frescoes, Arva restaurant.","Private gardens, Aman Spa treatment rooms, library salon, private water taxi service.","Arva (Italian fine dining), The Palazzo Dining Room, Aman Bar.",Aman Spa offering holistic treatments drawing on traditional botanical ingredients.,"Private after-hours tours of St. Mark's Basilica, gondola boat building visits, lagoon art tours.",Unsurpassed palace grandeur on the Grand Canal combined with Aman's signature serene exclusivity.,TRUE,TRUE,TRUE,TRUE,FALSE,26,PUBLISHED
27,Belmond Hotel Monasterio,Peru,Cusco,Cusco Region,"Palaces, Heritage & Cultural Luxury",Luxury Hotel / Resort,"Palaces, Heritage & Cultural Luxury","A former 16th-century monastery turned luxury sanctuary in the Andean highlands of Cusco, Peru.","Belmond Hotel Monasterio is a historic treasure located in the heart of Cusco. Built as a monastery in 1592, it features oxygen-enriched rooms to combat altitude sickness, stunning baroque courtyards, and a priceless collection of colonial art.",https://www.belmond.com/hotels/south-america/peru/cusco/belmond-hotel-monasterio,https://www.belmond.com/hotels/south-america/peru/cusco/belmond-hotel-monasterio/reservations,https://maps.google.com/?q=Belmond+Hotel+Monasterio+Cusco,May to September (Dry Andean season),"Oxygen-enriched rooms, 16th-century chapel, colonial courtyard with 300-year-old cedar tree, Illariy restaurant.","Oxygen-enriched suites, spa treatment rooms, courtyard lounge, art gallery, concierge desk.","Illariy (Andean fusion fine dining), El Monasterio Restaurant, Lobby Bar.",Spa treatment rooms offering relaxing massages and coca-leaf herbal therapies.,"Private Cusco walking tours, Pisco sour masterclasses, excursions to Machu Picchu via Hiram Bingham train.",An immersive historical and spiritual journey into Andean heritage with oxygen-enriched comfort in Cusco.,TRUE,TRUE,TRUE,TRUE,FALSE,27,PUBLISHED
28,Raffles Grand Hotel d’Angkor,Cambodia,Siem Reap,Siem Reap Province,"Palaces, Heritage & Cultural Luxury",Luxury Hotel / Resort,"Palaces, Heritage & Cultural Luxury",A historic French colonial landmark hotel adjacent to the legendary Angkor Wat temples in Cambodia.,"Raffles Grand Hotel d’Angkor has welcomed travelers exploring the mystical temples of Angkor since 1932. Surrounded by lush French gardens, it features timeless colonial architecture, a magnificent cage elevator, and the legendary Elephant Bar.",https://www.raffles.com/siem-reap,https://www.raffles.com/siem-reap/reservations,https://maps.google.com/?q=Raffles+Grand+Hotel+dAngkor+Siem+Reap,November to February (Cool and dry),"Proximity to Angkor Wat temples, classic cage elevator, Elephant Bar, iconic 35m swimming pool.","Freestyle swimming pool, Raffles Spa, tennis courts, boutique, 24-hour butler service.","Restaurant Le Grand (Royal Khmer cuisine), 1932, The Conservatory, Elephant Bar.",Raffles Spa offering traditional Khmer herbal massages and aromatherapy treatments.,"Private guided temple tours of Angkor Wat at sunrise, helicopter flights over ruins, Apsara dance dinners.","The historic gateway to Angkor Wat offering classic colonial charm, gracious hospitality, and timeless elegance.",TRUE,TRUE,TRUE,TRUE,FALSE,28,PUBLISHED
29,Amangalla,Sri Lanka,Galle,Southern Province,"Palaces, Heritage & Cultural Luxury",Luxury Hotel / Resort,"Palaces, Heritage & Cultural Luxury","A tranquil colonial sanctuary of calm within the historic walled fortress city of Galle, Sri Lanka.","Amangalla is housed within the historic 17th-century ramparts of Galle Fort, a UNESCO World Heritage Site. Combining Dutch colonial architecture with tranquil gardens, high-ceilinged suites, and traditional Ayurvedic wellness, it is a haven of serenity.",https://www.aman.com/resorts/amangalla,https://www.aman.com/resorts/amangalla/reservations,https://maps.google.com/?q=Amangalla+Galle+Sri+Lanka,December to April (South coast dry season),"Historic Galle Fort rampart views, 17th-century colonial architecture, traditional Ayurvedic spa (The Baths), swimming pool.","Large garden swimming pool, spa and Ayurveda center, library, resident historian tours.","The Dining Room (Sri Lankan and Western), The Verandah, The Great Hall.","The Baths offering authentic Ayurvedic treatments, hydrotherapy pools, and yoga sessions.","Guided walking tours of Galle Fort, tea plantation excursions, whale watching in Mirissa, cycling tours.","An authentic step back in time within a UNESCO fortress, offering sublime colonial architecture and serenity.",TRUE,TRUE,TRUE,TRUE,FALSE,29,PUBLISHED
30,Copacabana Palace,Brazil,Rio de Janeiro,Rio de Janeiro,"Palaces, Heritage & Cultural Luxury",Luxury Hotel / Resort,"Palaces, Heritage & Cultural Luxury",South America's most iconic beachfront grand hotel overlooking Copacabana Beach in Rio de Janeiro.,"Opened in 1923, Copacabana Palace, A Belmond Hotel, is the ultimate symbol of Brazilian glamour. Located directly on Copacabana Beach, it features art deco styling, a legendary rooftop pool, piano bar, and Michelin-starred dining.",https://www.belmond.com/hotels/south-america/brazil/rio-de-janeiro/copacabana-palace,https://www.belmond.com/hotels/south-america/brazil/rio-de-janeiro/copacabana-palace/reservations,https://maps.google.com/?q=Copacabana+Palace+Rio+de+Janeiro,December to March (Carnival & Summer) & May to August (Mild),"Copacabana Beach frontage, iconic semi-olympic swimming pool, Mee (Pan-Asian Michelin star), Pérgula restaurant.","Rooftop tennis court, luxury spa, fitness center, beach service, private event salons.","Mee (1 Michelin star), Cipriani Restaurant, Pérgula, Copacabana Piano Bar.","Copacabana Palace Spa offering relaxing botanical treatments, sauna, and wellness studios.","Private helicopter tours over Christ the Redeemer, samba dance classes, Favela cultural tours, yacht trips.",The legendary palace of Copacabana Beach where timeless glamour meets vibrant Brazilian rhythm.,TRUE,TRUE,TRUE,TRUE,FALSE,30,PUBLISHED
31,Four Seasons Bangkok at Chao Phraya River,Thailand,Bangkok,Bangkok,Iconic City Luxury,Luxury Hotel / Resort,Iconic City Luxury,A contemporary riverside urban resort designed by Jean-Michel Gathy along Bangkok's Chao Phraya River.,"Four Seasons Hotel Bangkok at Chao Phraya River is a masterclass in modern riverfront luxury. Featuring soaring glass facades, terraced courtyards, vibrant art collections, and exceptional culinary destinations including BKK Social Club.",https://www.fourseasons.com/bangkok,https://www.fourseasons.com/bangkok/reservations,https://maps.google.com/?q=Four+Seasons+Bangkok+Chao+Phraya+River,November to February (Cool season),"Chao Phraya River waterfront, BKK Social Club (Asia's 50 Best Bars), outdoor infinity pools, Jean-Michel Gathy design.","Two infinity pools, spa and wellness center, 24-hour fitness center, art gallery, private boat pier.","Yu Ting Yuan (Cantonese fine dining), Riva del Sole, Brasserie Palmer, BKK Social Club.","Urban Spa offering holistic Thai massages, body scrubs, and wellness recovery therapies.","Long-tail boat temple tours, Thai cooking classes, mixology masterclasses, gallery hopping in Charoenkrung.","A striking modern riverside masterpiece offering world-class dining, bars, and cutting-edge design.",TRUE,TRUE,TRUE,TRUE,FALSE,31,PUBLISHED
32,Capella Bangkok,Thailand,Bangkok,Bangkok,Iconic City Luxury,Luxury Hotel / Resort,Iconic City Luxury,An ultra-chic riverside sanctuary offering serene river views and refined butler service in Bangkok.,"Capella Bangkok brings refined residential luxury to the banks of the Chao Phraya River. Every room features unobstructed river views, complemented by Michelin-starred gastronomic experiences by Mauro Colagreco and the serene Auriga Wellness.",https://www.capellahotels.com/en/capella-bangkok,https://www.capellahotels.com/en/capella-bangkok/reservations,https://maps.google.com/?q=Capella+Bangkok,November to February,"All-riverside rooms and villas, Côte by Mauro Colagreco (Michelin-starred), Capella Culturists, private riverside verandas.","Outdoor saltwater lap pool, Auriga Wellness center, fitness center, private boat transfers.","Côte by Mauro Colagreco (Riviera-inspired), Phra Nakhon (Thai riverside dining), Stella bar.","Auriga Wellness offering hydrotherapy facilities, organic treatments, and traditional Thai therapies.","Private river cruises, heritage walks in Charoenkrung district, Thai flower garland weaving workshops.",Impeccable personal service via Capella Culturists and unmatched riverside tranquility.,TRUE,TRUE,TRUE,TRUE,FALSE,32,PUBLISHED
33,Mandarin Oriental Bangkok,Thailand,Bangkok,Bangkok,Iconic City Luxury,Luxury Hotel / Resort,Iconic City Luxury,The iconic grande dame of Bangkok hospitality set in lush tropical gardens along the Chao Phraya River.,"Since 1876, Mandarin Oriental, Bangkok has been a legendary riverside haven, hosting literary greats like Joseph Conrad and Somerset Maugham. Famed for its legendary service, teakwood architecture, and Bamboo Bar jazz lounge.",https://www.mandarinoriental.com/bangkok,https://www.mandarinoriental.com/bangkok/reservations,https://maps.google.com/?q=Mandarin+Oriental+Bangkok,November to February,"Chao Phraya River location, The Bamboo Bar, Le Normandie by Alain Roux (2 Michelin stars), legendary Butler service.","Two outdoor swimming pools, Oriental Spa across the river, tennis courts, fitness center, cooking school.","Le Normandie, The Verandah, Lord Jim's, Sala Rim Naam, The Bamboo Bar.",The Oriental Spa offering Thai herbal treatments and holistic wellness in a teakwood house.,"Thai cooking classes, Muay Thai boxing, river boat transfers, flower arranging workshops.",A legendary sanctuary of Thai hospitality and literary heritage along the majestic Chao Phraya River.,TRUE,TRUE,TRUE,TRUE,FALSE,33,PUBLISHED
34,Four Seasons Firenze,Italy,Florence,Tuscany,Iconic City Luxury,Luxury Hotel / Resort,Iconic City Luxury,A magnificent 15th-century Renaissance palace hotel overlooking Florence and the Duomo.,"Four Seasons Hotel Firenze is an urban resort set within a historic palazzo and former convent, surrounded by a stunning 11-acre private Renaissance park (Giardino della Gherardesca). Featuring original frescoes, Michelin-starred dining, and sublime Florentine luxury.",https://www.fourseasons.com/florence,https://www.fourseasons.com/florence/reservations,https://maps.google.com/?q=Four+Seasons+Hotel+Firenze,May to June & September to October,"11-acre private Renaissance garden park, original 15th-century frescoes, Il Palagio (1 Michelin star), outdoor pool.","Outdoor swimming pool, luxury spa, tennis court, fitness center, historic chapel.","Il Palagio (1 Michelin star), Atrium Bar, Al Fresco (poolside trattoria).","The Spa featuring products by Santa Maria Novella, relaxation rooms, sauna, and holistic treatments.","Private art gallery tours of Uffizi, Chianti wine tasting excursions, Renaissance art history lectures.","An extraordinary combination of museum-quality Renaissance art, historic parklands, and Four Seasons luxury in Florence.",TRUE,TRUE,TRUE,TRUE,FALSE,34,PUBLISHED
35,Bulgari Roma,Italy,Rome,Lazio,Iconic City Luxury,Luxury Hotel / Resort,Iconic City Luxury,A glamorous jewelry-inspired luxury hotel steps from the Spanish Steps in Rome.,"Bulgari Hotel Roma celebrates Roman history and the brand's high jewelry heritage. Overcoming Piazza Augusto Imperatore, it features magnificent travertine architecture, suites styled with iconic Bulgari motifs, and dining curated by Niko Romito.",https://www.bulgarihotels.com/en_US/rome,https://www.bulgarihotels.com/en_US/rome/booking,https://maps.google.com/?q=Bulgari+Hotel+Roma,April to June & September to November,"Piazza Augusto Imperatore location, Bulgari rooftop bar, Il Ristorante Niko Romito, indoor pool with mosaic tiling.","Indoor swimming pool, Bulgari Spa, fitness center, private library, chauffeur service.","Il Ristorante - Niko Romito, Bulgari Dolci, Bulgari Bar and Rooftop terrace.",Bulgari Spa inspired by ancient Roman baths featuring mosaic pools and bespoke wellness treatments.,"Private after-hours tours of the Vatican, VIP shopping on Via Condotti, historic architectural walks.",Unmatched Roman glamour marrying Italian haute horlogerie/jewellery heritage with five-star hospitality.,TRUE,TRUE,TRUE,TRUE,FALSE,35,PUBLISHED
36,Le Bristol Paris,France,Paris,Île-de-France,Iconic City Luxury,Luxury Hotel / Resort,Iconic City Luxury,An iconic Parisian palace on Rue du Faubourg Saint-Honoré offering timeless French elegance and Gastronomy.,"Le Bristol Paris has been a bastion of refined French art de vivre since 1925. Famed for its sun-filled interior courtyard garden, 3-Michelin-star Epicure restaurant, rooftop pool overlooking the Eiffel Tower, and resident cat Fa-Raon.",https://www.oetkercollection.com/hotels/le-bristol-paris,https://www.oetkercollection.com/hotels/le-bristol-paris/reservations,https://maps.google.com/?q=Le+Bristol+Paris,April to October,"Epicure (3 Michelin stars), rooftop indoor pool with Eiffel Tower views, 1,200 sq m courtyard garden, resident cat.","Rooftop indoor pool, La Prairie spa, fitness center, courtyard garden, valet parking.","Epicure (3 Michelin stars), 114 Faubourg (1 Michelin star), Café Bristol, Le Bar Bristol.","Le Bristol by La Prairie spa featuring Russian banya, solarium, and bespoke anti-aging treatments.","Private pâtisserie masterclasses with chef Maxime Frédéric, private museum tours, fashion boutique visits.","The pinnacle of authentic French palace luxury, renowned cuisine, and warm family-friendly hospitality.",TRUE,TRUE,TRUE,TRUE,FALSE,36,PUBLISHED
37,Four Seasons Hotel George V,France,Paris,Île-de-France,Iconic City Luxury,Luxury Hotel / Resort,Iconic City Luxury,The legendary palace hotel near the Champs-Élysées known for its historic grandeur and gastronomic excellence.,"Opened in 1928, Four Seasons Hotel George V is an art deco masterpiece just off the Golden Triangle of Paris. Famed for its breathtaking floral displays by Jeff Leatham, three Michelin-starred dining experiences, and palatial suites.",https://www.fourseasons.com/paris,https://www.fourseasons.com/paris/reservations,https://maps.google.com/?q=Four+Seasons+Hotel+George+V+Paris,April to October,"Jeff Leatham floral installations, Le Cinq (3 Michelin stars), indoor swimming pool, courtyard dining.","Indoor swimming pool, luxury spa, 24-hour fitness center, courtyard garden, chauffeur service.","Le Cinq (3 Michelin stars), Le George (1 Michelin star), L'Orangerie (1 Michelin star), Bar.Le George.","The Spa at Four Seasons George V offering cutting-edge facials, hydrotherapy, and custom massages.","Private wine cellar tastings with head sommelier, perfume creation masterclasses, private Louvre tours.",Unrivaled Michelin-starred dining under one roof and breathtaking floral artistry in the heart of Paris.,TRUE,TRUE,TRUE,TRUE,FALSE,37,PUBLISHED
38,The Peninsula Hong Kong,Hong Kong,Hong Kong,Kowloon,Iconic City Luxury,Luxury Hotel / Resort,Iconic City Luxury,Hong Kong's legendary 'Grande Dame of the Far East' offering timeless colonial luxury and Rolls-Royce fleet.,"Operating since 1928, The Peninsula Hong Kong is an enduring symbol of colonial grandeur on the Kowloon waterfront. Famous for its classic afternoon tea in the lobby, green Rolls-Royce Phantom fleet, and rooftop helipad.",https://www.peninsula.com/en/hong-kong,https://www.peninsula.com/en/hong-kong/reservations,https://maps.google.com/?q=The+Peninsula+Hong+Kong,October to December,"Victoria Harbour views, iconic Rolls-Royce Phantom fleet, rooftop helipad, classic Lobby Afternoon Tea, Felix restaurant.","Roman-style indoor swimming pool, Peninsula Spa, fitness center, shopping arcade, rooftop helipad.","Gaddi's (French fine dining), Spring Moon (Cantonese), Felix, The Lobby.",The Peninsula Spa offering Ayurvedic and European wellness therapies with harbour views.,"Helicopter city tours, Peninsula Academy craft workshops, heritage harbor cruises on historical ferries.","The legendary grande dame of Asian hospitality, offering unmatched heritage and Rolls-Royce transfers.",TRUE,TRUE,TRUE,TRUE,FALSE,38,PUBLISHED
39,The St. Regis New York,United States,New York,New York,Iconic City Luxury,Luxury Hotel / Resort,Iconic City Luxury,A historic Fifth Avenue luxury landmark in New York City famed for its King Cole Bar and Old World elegance.,"Opened by John Jacob Astor IV in 1904, The St. Regis New York is a Midtown Manhattan icon. Known for its bespoke butler service, elegant crystal chandeliers, the birthplace of the Bloody Mary at King Cole Bar, and timeless Fifth Avenue sophistication.",https://www.marriott.com/en-us/hotels/nycst-the-st-regis-new-york,https://www.marriott.com/en-us/hotels/nycst-the-st-regis-new-york/overview,https://maps.google.com/?q=The+St.+Regis+New+York,September to November & April to June,"King Cole Bar (birthplace of the Red Snapper/Bloody Mary), 24-hour St. Regis Butler service, Fifth Avenue location.","Iridium Spa, 24-hour fitness center, house car service, chauffeur-driven Bentley, private event salons.","King Cole Bar, Astor Court.","Iridium Spa offering custom facials, massage therapies, and steam rooms.","Private Fifth Avenue shopping consultations, Central Park carriage tours, museum docent visits.",A historic Fifth Avenue masterpiece offering legendary butler service and classic New York aristocracy charm.,TRUE,TRUE,TRUE,TRUE,FALSE,39,PUBLISHED
40,The Connaught,United Kingdom,London,Greater London,Iconic City Luxury,Luxury Hotel / Resort,Iconic City Luxury,A legendary Mayfair luxury hotel celebrated for its discreet service and the iconic Coburg Bar.,"Situated on Carlos Place in Mayfair, The Connaught has been a home away from home for royalty and connoisseurs since 1897. Featuring exquisite British-meets-French design, the Aman Spa at The Connaught, and culinary brilliance by Hélène Darroze.",https://www.theconnaught.co.uk,https://www.theconnaught.co.uk/reservations,https://maps.google.com/?q=The+Connaught+London,May to September & December,"Hélène Darroze at The Connaught (3 Michelin stars), The Coburg Bar, Aman Spa with indoor pool, Mayfair location.","Indoor swimming pool, Aman Spa, 24-hour butler service, fitness center, chauffeur service.","Hélène Darroze at The Connaught (3 Michelin stars), The Connaught Grill, The Coburg Bar, The Red Room.","Aman Spa at The Connaught offering signature Eastern wellness treatments, pool, and steam rooms.","Private Mayfair art gallery tours, bespoke tailoring consultations on Savile Row, historic hotel tours.","Unsurpassed Mayfair discretion, world-class 3-Michelin-star dining, and legendary British charm.",TRUE,TRUE,TRUE,TRUE,FALSE,40,PUBLISHED
41,Singita Sabi Sand,South Africa,Sabi Sand,Mpumalanga,"Nature, Wellness & Bespoke Escapes",Luxury Hotel / Resort,"Nature, Wellness & Bespoke Escapes",An exclusive luxury safari lodge perched along the Sand River in South Africa's legendary Sabi Sand Reserve.,"Singita Bembeni / Sabi Sand is an ultra-exclusive wilderness lodge offering unrivaled leopard viewing and pristine wilderness immersion. Featuring stunning contemporary suites with private plunge pools, expert trackers, and world-class wine cellars.",https://singita.com/lodge/singita-beni-sabi-sand,https://singita.com/contact-us,https://maps.google.com/?q=Singita+Sabi+Sand+South+Africa,May to September (Dry winter months for game viewing),"Big Five game viewing, leopard sightings, private plunge pools, award-winning wine cellar, open safari vehicles.","Outdoor swimming pools, Singita spa, gym, boutique and gallery, airstrip access.","Bespoke fine dining crafted by private chefs, traditional boma dinners under the stars, extensive wine cellar.","Singita Wellness spa offering organic African therapies, massage, and yoga overlooking the bushveld.","Twice-daily game drives, guided bush walks, stargazing safaris, community village visits.",The gold standard of African conservation safari luxury with peerless leopard sightings and exquisite lodge design.,TRUE,TRUE,TRUE,TRUE,FALSE,41,PUBLISHED
42,Singita Kruger National Park,South Africa,Kruger National Park,Mpumalanga / Limpopo,"Nature, Wellness & Bespoke Escapes",Luxury Hotel / Resort,"Nature, Wellness & Bespoke Escapes",A pristine wilderness safari sanctuary in South Africa's Kruger National Park offering absolute seclusion.,"Singita Lebombo Lodge is perched dramatically on a cliff edge overlooking the N’Wanetsi River in Kruger National Park. Featuring glass-walled suites suspended over the wilderness, contemporary architectural design, and world-class wildlife tracking.",https://singita.com/lodge/singita-lebombo-lodge,https://singita.com/contact-us,https://maps.google.com/?q=Singita+Kruger+National+Park,May to September (Dry winter game viewing),"Cliffside glass suites overlooking river, prolific Big Five wildlife, rooftop sleep-out experiences, wine studio.","Lap swimming pool, Singita Spa, fitness center, wine studio, airstrip, gallery.","African-inspired gourmet dining, interactive open kitchen, wine pairings from private cellar.",Singita Spa offering wellness treatments inspired by African botanicals and holistic healing.,"Game drives in open-land Rovers, bush walks, bird watching, astronomy stargazing.",Stunning modernist cliffside architecture combined with one of Africa's most pristine wildlife conservation areas.,TRUE,TRUE,TRUE,TRUE,FALSE,42,PUBLISHED
43,Badrutt’s Palace,Switzerland,St. Moritz,Graubünden,"Nature, Wellness & Bespoke Escapes",Luxury Hotel / Resort,"Nature, Wellness & Bespoke Escapes",An iconic alpine palace hotel in St. Moritz offering legendary Swiss glamour and winter sports luxury.,"Badrutt’s Palace Hotel has defined luxury hospitality in St. Moritz since 1896. Overlooking Lake St. Moritz and the Engadin Alps, it offers legendary winter skiing, a subterranean spa, legendary nightlife at King's Social Club, and peerless Swiss service.",https://www.badruttspalace.com,https://www.badruttspalace.com/reservations,https://maps.google.com/?q=Badrutt's+Palace+St.+Moritz,December to April (Ski season) & July to August (Alpine summer),"Engadin Alps and Lake St. Moritz views, Palace Spa with outdoor infinity pool, King's Social Club, Rolls-Royce transfers.","Indoor and outdoor pools, Palace Spa, tennis courts, private ski school, Rolls-Royce fleet.","IGNIV by Andreas Caminada (2 Michelin stars), La Coupole-Matsuhisa, Chesa Veglia, Le Restaurant.","Palace Spa offering holistic alpine treatments, Finnish saunas, hydrotherapy, and snow rooms.","Skiing and snowboarding in St. Moritz, bobsleigh rides, alpine hiking, horse-drawn carriage rides around the lake.","The legendary alpine playground for global aristocracy, offering unmatched winter sports and palace luxury.",TRUE,TRUE,TRUE,TRUE,FALSE,43,PUBLISHED
44,The Chedi Andermatt,Switzerland,Andermatt,Uri,"Nature, Wellness & Bespoke Escapes",Luxury Hotel / Resort,"Nature, Wellness & Bespoke Escapes","A striking alpine architectural masterpiece in the heart of Andermatt, Switzerland, blending Asian minimalism with Swiss warmth.","The Chedi Andermatt is a stunning luxury hotel nestled in the Swiss Alps, designed by Jean-Michel Gathy. Combining traditional alpine chalet elements with Asian aesthetic principles, it features glass fireplaces, extensive wine libraries, and a 2,400-sq-m spa.",https://www.thechediandermatt.com,https://www.thechediandermatt.com/reservations,https://maps.google.com/?q=The+Chedi+Andermatt+Switzerland,December to April (Skiing) & July to September (Hiking),"2,400 sq m Spa & Health Club with indoor/outdoor pools, Cheese Tower, ski butler service, Michelin-starred Japanese restaurant.","Indoor and outdoor pools, award-winning spa, ski butler service, cigar lounge, wine library.","The Restaurant (Asian and Swiss dining), The Japanese Restaurant (1 Michelin star), The Wine and Cigar Library.","The Chedi Spa featuring Tibetan relaxation lounge, hydrotherapy, saunas, and custom massages.","Heliskiing, championship golf on Andermatt Swiss Alps Golf Course, alpine hiking, snowshoeing.",A breathtaking fusion of Asian zen and Swiss alpine grandeur with an exceptional spa and ski butler service.,TRUE,TRUE,TRUE,TRUE,FALSE,44,PUBLISHED
45,Capella Sydney,Australia,Sydney,New South Wales,"Nature, Wellness & Bespoke Escapes",Luxury Hotel / Resort,"Nature, Wellness & Bespoke Escapes",A sleek luxury hotel overlooking Sydney Harbour and the iconic Opera House.,"Capella Sydney occupies a magnificently restored historic Department of Lands building in the Sandstone Precinct. Featuring soaring interior atriums, contemporary art collections, and sophisticated rooms overlooking Sydney Harbour.",https://www.capellahotels.com/en/capella-sydney,https://www.capellahotels.com/en/capella-sydney/reservations,https://maps.google.com/?q=Capella+Sydney,September to November (Spring) & March to May (Autumn),"Restored heritage sandstone architecture, 20-meter indoor pool in vaulted atrium, Capella Culturists, proximity to Sydney Opera House.","Indoor heated swimming pool, Auriga spa, 24-hour fitness center, executive lounge.","Brasserie 1930, Aperture lounge bar, The Living Room.","Auriga Spa offering Australian botanical treatments, wellness therapy rooms, and steam rooms.","Private Sydney Harbour yacht charters, behind-the-scenes Sydney Opera House tours, coastal bushwalks.",An architectural masterpiece in downtown Sydney offering bespoke cultural curation and sophisticated luxury.,TRUE,TRUE,TRUE,TRUE,FALSE,45,PUBLISHED
46,Southern Ocean Lodge,Australia,Kangaroo Island,South Australia,"Nature, Wellness & Bespoke Escapes",Luxury Hotel / Resort,"Nature, Wellness & Bespoke Escapes","An award-winning eco-luxury wilderness lodge perched on the rugged cliffs of Kangaroo Island, South Australia.","Southern Ocean Lodge offers breathtaking, uninterrupted views of the wild Southern Ocean from its cliffside vantage point on Kangaroo Island. Featuring minimalist pavilion suites, exceptional local South Australian gastronomy, and immersive wildlife encounters.",https://southernoceanlodge.com.au,https://southernoceanlodge.com.au/reservations,https://maps.google.com/?q=Southern+Ocean+Lodge+Kangaroo+Island,December to February (Warm Australian summer) & September to November,"Cliffside ocean views from all suites, Kangaroo Island wildlife safaris, Southern Spa, Kangaroo Island gastronomy.","Plunge pools in suites, Southern Spa, open bar lounge, guided expedition vehicles, airstrip transfers.","The Great Room (seasonal South Australian cuisine and local wines), terrace bar.",Southern Spa featuring signature Li'Tya treatments incorporating indigenous Australian healing plants.,"Guided coastal walks, sea lion colony visits, koala tracking excursions, Remarkable Rocks tours.",The ultimate Australian coastal wilderness retreat combining cutting-edge sustainable design with rugged nature.,TRUE,TRUE,TRUE,TRUE,FALSE,46,PUBLISHED
47,Six Senses Douro Valley,Portugal,Douro Valley,Northern Portugal,"Nature, Wellness & Bespoke Escapes",Luxury Hotel / Resort,"Nature, Wellness & Bespoke Escapes",A tranquil wine estate luxury retreat set among terraced vineyards in Portugal's UNESCO Douro Valley.,"Six Senses Douro Valley is housed in a magnificently renovated 19th-century manor house overlooking the winding Douro River and terraced vineyards. Famed for its world-class Six Senses Spa, wine academy, and holistic wellness philosophy.",https://www.sixsenses.com/en/resorts/douro-valley,https://www.sixsenses.com/en/resorts/douro-valley/reservations,https://maps.google.com/?q=Six+Senses+Douro+Valley+Portugal,May to October (Harvest and warm weather),"UNESCO Douro Valley vineyard views, world-class Six Senses Spa, Wine Library and Academy, outdoor infinity pool.","Indoor and outdoor pools, 2,200 sq m spa, organic garden, wine cellar, fitness center.","Vale de Abraão Restaurant, The Dining Room, The Wine Library & Terrace.","Six Senses Spa offering personalized wellness screenings, yoga, hydrotherapy, and regional grape-based treatments.","Port wine blending workshops, river cruises on traditional rabelo boats, helicopter tours, vineyard hikes.",The premier wine wellness retreat in Europe combining Douro Valley heritage with Six Senses holistic care.,TRUE,TRUE,TRUE,TRUE,FALSE,47,PUBLISHED
48,Four Seasons Resort Hualalai,United States,"Hualalai, Hawaii",Hawaii,"Nature, Wellness & Bespoke Escapes",Luxury Hotel / Resort,"Nature, Wellness & Bespoke Escapes",A legendary oceanfront luxury resort along the sun-drenched Kohala Coast of Hawaii's Big Island.,"Four Seasons Resort Hualalai captures the authentic spirit of Hawaii along a dramatic volcanic coastline. Featuring palm-fringed white-sand beaches, King's Pond (a 1.8-million-gallon aquarium pool with eagle rays), championship golf, and luxurious bungalow suites.",https://www.fourseasons.com/hualalai,https://www.fourseasons.com/hualalai/reservations,https://maps.google.com/?q=Four+Seasons+Resort+Hualalai,April to October (Warm and dry),"King's Pond snorkel aquarium with rays, Jack Nicklaus signature golf course, oceanfront pools, cultural center.","Multiple swimming pools, Hualalai Spa, tennis courts, fitness center, marine activity center.","Ulu Ocean Grill + Sushi Lounge, Beach Tree (Italian beachfront), Hualalai Grille.","Hualalai Spa offering open-air garden treatment hales, bamboo massages, and hydrotherapy.","Snorkeling with marine biologists, helicopter volcano tours, whale watching excursions, outrigger canoeing.",The gold standard of Hawaiian resort luxury with unparalleled marine life encounters and authentic island culture.,TRUE,TRUE,TRUE,TRUE,FALSE,48,PUBLISHED
49,Amanoi,Vietnam,Ninh Thuan,Ninh Thuận,"Nature, Wellness & Bespoke Escapes",Luxury Hotel / Resort,"Nature, Wellness & Bespoke Escapes",An architectural cliffside sanctuary overlooking a crescent bay in Vietnam's Nông Trấn (Ninh Thuan) coastal national park.,"Amanoi sits within the pristine wilderness of Nui Chua National Park, cascading down verdant hills to a private crescent-shaped beach on Vinh Hy Bay. Inspired by traditional Vietnamese architecture, pavilions feature private pools and serene lake views.",https://www.aman.com/resorts/amanoi,https://www.aman.com/resorts/amanoi/reservations,https://maps.google.com/?q=Amanoi+Vietnam,February to August (Dry season),"Cliffside infinity pool, private pristine white-sand beach, Aman Spa wellness villas overlooking lotus lake, Nui Chua National Park setting.","Cliffside pool, private beach club, tennis courts, water sports center, wellness villas.","The Central Pavilion (Vietnamese and international cuisine), The Beach Club.","Aman Spa featuring two hydrotherapy wellness villas, yoga pavilion, and traditional Vietnamese treatments.","Guided hikes in Nui Chua National Park, snorkeling and scuba diving in Vinh Hy Bay, pottery village visits.",A breathtaking national park sanctuary offering pristine coastal waters and absolute peace in Vietnam.,TRUE,TRUE,TRUE,TRUE,FALSE,49,PUBLISHED
50,The Datai Langkawi,Malaysia,Langkawi,Kedah,"Nature, Wellness & Bespoke Escapes",Luxury Hotel / Resort,"Nature, Wellness & Bespoke Escapes","An eco-luxury rainforest sanctuary nestled within a 10-million-year-old rainforest in Langkawi, Malaysia.","The Datai Langkawi is a legendary luxury eco-resort nestled deep inside an ancient rainforest and opening onto the pristine Datai Bay. Designed to blend seamlessly into nature, it offers elevated canopy villas, championship golf, and world-class nature walks.",https://www.thedatai.com,https://www.thedatai.com/reservations,https://maps.google.com/?q=The+Datai+Langkawi+Malaysia,January to March (Dry season),"10-million-year-old rainforest setting, Datai Bay beach, The Spa featuring Malay ramuan treatments, resident naturalists.","Swimming pools, championship golf course (The Els Club), fitness center, nature center, tennis courts.","The Gulai House (Malay cuisine in the rainforest), The Pavilion, The Dining Room, Beach Club.",The Datai Spa offering traditional Malay healing treatments (ramuan) amidst the rainforest canopy.,"Guided rainforest walks with resident naturalists, hornbill spotting, sea kayaking, cooking classes.",An immersive luxury rainforest and beach sanctuary where wildlife and pristine nature take center stage.,TRUE,TRUE,TRUE,TRUE,FALSE,50,PUBLISHED